node_id,x_coord,y_coord,production,attraction,zone_id,geometry,_zone_id,activity_type
0,55.1532822,25.0950016,1000.0,1000.0,94,POINT (55.1532822 25.0950016),99,unclassified
1,55.1528531,25.0952953,1000.0,1000.0,94,POINT (55.1528531 25.0952953),99,unclassified
2,55.1544206,25.0948,1000.0,1000.0,94,POINT (55.1544206 25.0948),99,unclassified
3,55.1556981,25.0962824,1000.0,1000.0,94,POINT (55.1556981 25.0962824),99,unclassified
4,55.1384896,25.1412243,1000.0,1000.0,5,POINT (55.1384896 25.1412243),6,secondary
5,55.1294833,25.1400352,1000.0,1000.0,3,POINT (55.1294833 25.1400352),4,secondary
6,55.1122593,25.1036113,1000.0,1000.0,77,POINT (55.1122593 25.1036113),80,secondary
7,55.1117817,25.1043699,1000.0,1000.0,67,POINT (55.1117817 25.1043699),70,secondary
8,55.1114824,25.1049815,1000.0,1000.0,67,POINT (55.1114824 25.1049815),70,secondary
9,55.1113945,25.1050967,1000.0,1000.0,67,POINT (55.1113945 25.1050967),70,secondary
10,55.1089437,25.1163439,1000.0,1000.0,47,POINT (55.1089437 25.1163439),50,secondary
11,55.1316452,25.120019,10.0,10.0,41,POINT (55.1316452 25.120019),44,residential
12,55.1315167,25.1199768,10.0,10.0,41,POINT (55.1315167 25.1199768),44,residential
13,55.1315013,25.1199035,10.0,10.0,41,POINT (55.1315013 25.1199035),44,residential
14,55.1315224,25.119861,10.0,10.0,41,POINT (55.1315224 25.119861),44,residential
15,55.1316089,25.1198213,10.0,10.0,41,POINT (55.1316089 25.1198213),44,residential
16,55.1316433,25.1198256,10.0,10.0,41,POINT (55.1316433 25.1198256),44,residential
17,55.1317167,25.1198884,10.0,10.0,41,POINT (55.1317167 25.1198884),44,residential
18,55.1317187,25.1199504,10.0,10.0,41,POINT (55.1317187 25.1199504),44,residential
19,55.1304446,25.120175,1000.0,1000.0,41,POINT (55.1304446 25.120175),44,secondary
20,55.1321757,25.1188668,1000.0,1000.0,41,POINT (55.1321757 25.1188668),44,secondary
21,55.1322049,25.1188428,1000.0,1000.0,41,POINT (55.1322049 25.1188428),44,secondary
22,55.1325506,25.1185872,1000.0,1000.0,42,POINT (55.1325506 25.1185872),45,secondary
23,55.133279,25.1180352,1000.0,1000.0,42,POINT (55.133279 25.1180352),45,secondary
24,55.1337981,25.1176497,1000.0,1000.0,52,POINT (55.1337981 25.1176497),55,secondary
25,55.1343637,25.1172218,1000.0,1000.0,52,POINT (55.1343637 25.1172218),55,secondary
26,55.1366411,25.1153073,1000.0,1000.0,52,POINT (55.1366411 25.1153073),55,secondary
27,55.1299228,25.1204643,1000.0,1000.0,41,POINT (55.1299228 25.1204643),44,tertiary
28,55.1299104,25.1202644,10.0,10.0,41,POINT (55.1299104 25.1202644),44,residential
29,55.1286233,25.1212286,10.0,10.0,41,POINT (55.1286233 25.1212286),44,residential
30,55.1287404,25.12135,1000.0,1000.0,41,POINT (55.1287404 25.12135),44,tertiary
31,55.1305854,25.1205809,10.0,10.0,41,POINT (55.1305854 25.1205809),44,residential
32,55.1313171,25.1199466,10.0,10.0,41,POINT (55.1313171 25.1199466),44,residential
33,55.1538949,25.1024525,1000.0,1000.0,86,POINT (55.1538949 25.1024525),89,secondary
34,55.1544875,25.1020291,1000.0,1000.0,86,POINT (55.1544875 25.1020291),89,secondary
35,55.1141196,25.1252067,1000.0,1000.0,28,POINT (55.1141196 25.1252067),31,secondary
36,55.1138084,25.1252443,1000.0,1000.0,28,POINT (55.1138084 25.1252443),31,secondary
37,55.1255931,25.1236185,10.0,10.0,30,POINT (55.1255931 25.1236185),33,residential
38,55.1260609,25.1234768,1000.0,1000.0,30,POINT (55.1260609 25.1234768),33,secondary
39,55.1326939,25.1186852,1000.0,1000.0,42,POINT (55.1326939 25.1186852),45,secondary
40,55.1327194,25.1189967,10.0,10.0,42,POINT (55.1327194 25.1189967),45,residential
41,55.1337168,25.118257,10.0,10.0,42,POINT (55.1337168 25.118257),45,residential
42,55.1334061,25.1181436,1000.0,1000.0,42,POINT (55.1334061 25.1181436),45,secondary
43,55.1333301,25.1176543,10.0,10.0,52,POINT (55.1333301 25.1176543),55,residential
44,55.1198325,25.1242688,10.0,10.0,29,POINT (55.1198325 25.1242688),32,residential
45,55.1250522,25.1237695,10.0,10.0,30,POINT (55.1250522 25.1237695),33,residential
46,55.1256273,25.1243318,10.0,10.0,30,POINT (55.1256273 25.1243318),33,residential
47,55.1255424,25.1242815,10.0,10.0,30,POINT (55.1255424 25.1242815),33,residential
48,55.1252763,25.124284,1000.0,1000.0,30,POINT (55.1252763 25.124284),33,secondary
49,55.1441935,25.1086654,1000.0,1000.0,74,POINT (55.1441935 25.1086654),77,secondary
50,55.1431517,25.1094527,1000.0,1000.0,64,POINT (55.1431517 25.1094527),67,secondary
51,55.1210628,25.1054175,10.0,10.0,69,POINT (55.1210628 25.1054175),72,residential
52,55.1233206,25.1117887,10.0,10.0,60,POINT (55.1233206 25.1117887),63,residential
53,55.1276706,25.122798,10.0,10.0,30,POINT (55.1276706 25.122798),33,residential
54,55.1287918,25.1219129,10.0,10.0,41,POINT (55.1287918 25.1219129),44,residential
55,55.1315886,25.1196352,1000.0,1000.0,41,POINT (55.1315886 25.1196352),44,tertiary
56,55.1440896,25.1085569,1000.0,1000.0,74,POINT (55.1440896 25.1085569),77,secondary
57,55.14617,25.1069538,1000.0,1000.0,74,POINT (55.14617 25.1069538),77,secondary
58,55.1476228,25.1058686,1000.0,1000.0,75,POINT (55.1476228 25.1058686),78,secondary
59,55.1484687,25.1052292,1000.0,1000.0,75,POINT (55.1484687 25.1052292),78,secondary
60,55.1490479,25.1047948,1000.0,1000.0,75,POINT (55.1490479 25.1047948),78,secondary
61,55.1557886,25.096286,1000.0,1000.0,94,POINT (55.1557886 25.096286),99,unclassified
62,55.156,25.0960948,1000.0,1000.0,94,POINT (55.156 25.0960948),99,unclassified
63,55.1311411,25.1195398,1000.0,1000.0,41,POINT (55.1311411 25.1195398),44,tertiary
64,55.1310916,25.1193551,10.0,10.0,41,POINT (55.1310916 25.1193551),44,residential
65,55.1270548,25.1224501,10.0,10.0,40,POINT (55.1270548 25.1224501),43,residential
66,55.1269972,25.122458,10.0,10.0,40,POINT (55.1269972 25.122458),43,residential
67,55.1269841,25.1224559,10.0,10.0,40,POINT (55.1269841 25.1224559),43,residential
68,55.1269041,25.1223831,10.0,10.0,40,POINT (55.1269041 25.1223831),43,residential
69,55.1269011,25.1223564,10.0,10.0,40,POINT (55.1269011 25.1223564),43,residential
70,55.126977,25.1222658,10.0,10.0,40,POINT (55.126977 25.1222658),43,residential
71,55.1270815,25.1222851,10.0,10.0,40,POINT (55.1270815 25.1222851),43,residential
72,55.1271163,25.122383,10.0,10.0,40,POINT (55.1271163 25.122383),43,residential
73,55.1271131,25.1223929,10.0,10.0,40,POINT (55.1271131 25.1223929),43,residential
74,55.1328942,25.1192409,10.0,10.0,42,POINT (55.1328942 25.1192409),45,residential
75,55.1464195,25.1278601,10.0,10.0,24,POINT (55.1464195 25.1278601),27,residential
76,55.1522287,25.103322,1000.0,1000.0,86,POINT (55.1522287 25.103322),89,secondary
77,55.1477386,25.1087952,1000.0,1000.0,65,POINT (55.1477386 25.1087952),68,secondary
78,55.1471354,25.1092461,1000.0,1000.0,65,POINT (55.1471354 25.1092461),68,secondary
79,55.1227032,25.1265224,10.0,10.0,29,POINT (55.1227032 25.1265224),32,residential
80,55.1243938,25.1273624,10.0,10.0,20,POINT (55.1243938 25.1273624),23,residential
81,55.1276297,25.1230015,10.0,10.0,30,POINT (55.1276297 25.1230015),33,residential
82,55.1275387,25.1230747,10.0,10.0,30,POINT (55.1275387 25.1230747),33,residential
83,55.1274668,25.1230564,10.0,10.0,30,POINT (55.1274668 25.1230564),33,residential
84,55.127427,25.1229634,10.0,10.0,30,POINT (55.127427 25.1229634),33,residential
85,55.1274331,25.1229468,10.0,10.0,30,POINT (55.1274331 25.1229468),33,residential
86,55.1275212,25.1228886,10.0,10.0,30,POINT (55.1275212 25.1228886),33,residential
87,55.1275568,25.1228918,10.0,10.0,30,POINT (55.1275568 25.1228918),33,residential
88,55.1276303,25.1229651,10.0,10.0,30,POINT (55.1276303 25.1229651),33,residential
89,55.1558881,25.0986836,1000.0,1000.0,94,POINT (55.1558881 25.0986836),99,primary
90,55.156,25.0987475,1000.0,1000.0,94,POINT (55.156 25.0987475),99,primary
91,55.1324188,25.1184116,10.0,10.0,42,POINT (55.1324188 25.1184116),45,residential
92,55.1330853,25.1178355,10.0,10.0,52,POINT (55.1330853 25.1178355),55,residential
93,55.1320674,25.1184981,10.0,10.0,41,POINT (55.1320674 25.1184981),44,residential
94,55.1320754,25.1184423,10.0,10.0,41,POINT (55.1320754 25.1184423),44,residential
95,55.1321793,25.1183853,10.0,10.0,41,POINT (55.1321793 25.1183853),44,residential
96,55.1322429,25.1184085,10.0,10.0,41,POINT (55.1322429 25.1184085),44,residential
97,55.13228,25.1184753,10.0,10.0,41,POINT (55.13228 25.1184753),44,residential
98,55.1322717,25.1185201,10.0,10.0,41,POINT (55.1322717 25.1185201),44,residential
99,55.1321733,25.1185792,10.0,10.0,41,POINT (55.1321733 25.1185792),44,residential
100,55.1321464,25.1185761,10.0,10.0,41,POINT (55.1321464 25.1185761),44,residential
101,55.132077,25.1185251,10.0,10.0,41,POINT (55.132077 25.1185251),44,residential
102,55.1272442,25.1230585,10.0,10.0,30,POINT (55.1272442 25.1230585),33,residential
103,55.1257904,25.12423,10.0,10.0,30,POINT (55.1257904 25.12423),33,residential
104,55.156,25.0967834,1000.0,1000.0,94,POINT (55.156 25.0967834),99,unclassified
105,55.1557277,25.0966179,1000.0,1000.0,94,POINT (55.1557277 25.0966179),99,unclassified
106,55.1529269,25.1037535,1000.0,1000.0,86,POINT (55.1529269 25.1037535),89,secondary
107,55.151442,25.1048606,1000.0,1000.0,76,POINT (55.151442 25.1048606),79,secondary
108,55.1531485,25.094884,1000.0,1000.0,94,POINT (55.1531485 25.094884),99,unclassified
109,55.1531618,25.0948,1000.0,1000.0,94,POINT (55.1531618 25.0948),99,unclassified
110,55.1536855,25.0948,1000.0,1000.0,94,POINT (55.1536855 25.0948),99,unclassified
111,55.1299153,25.1200716,10.0,10.0,41,POINT (55.1299153 25.1200716),44,residential
112,55.1299698,25.1200963,10.0,10.0,41,POINT (55.1299698 25.1200963),44,residential
113,55.1300039,25.1201721,10.0,10.0,41,POINT (55.1300039 25.1201721),44,residential
114,55.129999,25.1201993,10.0,10.0,41,POINT (55.129999 25.1201993),44,residential
115,55.1298766,25.1202634,10.0,10.0,41,POINT (55.1298766 25.1202634),44,residential
116,55.1298036,25.1202173,10.0,10.0,41,POINT (55.1298036 25.1202173),44,residential
117,55.1297931,25.1201376,10.0,10.0,41,POINT (55.1297931 25.1201376),44,residential
118,55.1298847,25.1200704,10.0,10.0,41,POINT (55.1298847 25.1200704),44,residential
119,55.1292224,25.1222108,10.0,10.0,41,POINT (55.1292224 25.1222108),44,residential
120,55.1336552,25.1341335,10.0,10.0,12,POINT (55.1336552 25.1341335),15,residential
121,55.1396087,25.1343251,10.0,10.0,13,POINT (55.1396087 25.1343251),16,residential
122,55.1394677,25.1341682,10.0,10.0,13,POINT (55.1394677 25.1341682),16,residential
123,55.1395568,25.1340512,10.0,10.0,13,POINT (55.1395568 25.1340512),16,residential
124,55.1545585,25.1023001,1000.0,1000.0,86,POINT (55.1545585 25.1023001),89,primary
125,55.1541686,25.1025322,1000.0,1000.0,86,POINT (55.1541686 25.1025322),89,secondary
126,55.1506337,25.1063399,1000.0,1000.0,75,POINT (55.1506337 25.1063399),78,secondary
127,55.1496627,25.1048079,1000.0,1000.0,75,POINT (55.1496627 25.1048079),78,secondary
128,55.15555,25.0964256,1000.0,1000.0,94,POINT (55.15555 25.0964256),99,unclassified
129,55.1542368,25.0948,1000.0,1000.0,94,POINT (55.1542368 25.0948),99,unclassified
130,55.1177785,25.1105594,10.0,10.0,58,POINT (55.1177785 25.1105594),61,residential
131,55.1296647,25.119993,10.0,10.0,41,POINT (55.1296647 25.119993),44,residential
132,55.1286309,25.1212024,10.0,10.0,41,POINT (55.1286309 25.1212024),44,residential
133,55.1285,25.1212825,10.0,10.0,41,POINT (55.1285 25.1212825),44,residential
134,55.1284908,25.1212798,10.0,10.0,41,POINT (55.1284908 25.1212798),44,residential
135,55.1284252,25.1212082,10.0,10.0,41,POINT (55.1284252 25.1212082),44,residential
136,55.1284236,25.1211934,10.0,10.0,41,POINT (55.1284236 25.1211934),44,residential
137,55.1284919,25.1211032,10.0,10.0,41,POINT (55.1284919 25.1211032),44,residential
138,55.1285973,25.1211217,10.0,10.0,41,POINT (55.1285973 25.1211217),44,residential
139,55.1339096,25.1177707,1000.0,1000.0,52,POINT (55.1339096 25.1177707),55,secondary
140,55.1338138,25.1181884,10.0,10.0,42,POINT (55.1338138 25.1181884),45,residential
141,55.1445784,25.1109716,1000.0,1000.0,64,POINT (55.1445784 25.1109716),67,secondary
142,55.1450696,25.1105972,1000.0,1000.0,64,POINT (55.1450696 25.1105972),67,secondary
143,55.1269973,25.1227711,1000.0,1000.0,30,POINT (55.1269973 25.1227711),33,secondary
144,55.1275336,25.1225719,1000.0,1000.0,40,POINT (55.1275336 25.1225719),43,secondary
145,55.155548,25.0988314,1000.0,1000.0,94,POINT (55.155548 25.0988314),99,primary
146,55.154137,25.0972245,1000.0,1000.0,94,POINT (55.154137 25.0972245),99,primary
147,55.1336412,25.1061186,10.0,10.0,72,POINT (55.1336412 25.1061186),75,residential
148,55.1334327,25.1175028,10.0,10.0,52,POINT (55.1334327 25.1175028),55,residential
149,55.1292263,25.1216268,10.0,10.0,41,POINT (55.1292263 25.1216268),44,residential
150,55.1302039,25.1208672,10.0,10.0,41,POINT (55.1302039 25.1208672),44,residential
151,55.1287704,25.1211447,10.0,10.0,41,POINT (55.1287704 25.1211447),44,residential
152,55.1297802,25.1203703,10.0,10.0,41,POINT (55.1297802 25.1203703),44,residential
153,55.1285561,25.1214888,1000.0,1000.0,41,POINT (55.1285561 25.1214888),44,tertiary
154,55.1303403,25.1207733,10.0,10.0,41,POINT (55.1303403 25.1207733),44,residential
155,55.1301781,25.1206987,1000.0,1000.0,41,POINT (55.1301781 25.1206987),44,tertiary
156,55.1487762,25.1052016,1000.0,1000.0,75,POINT (55.1487762 25.1052016),78,secondary
157,55.1113447,25.1245495,1000.0,1000.0,27,POINT (55.1113447 25.1245495),30,secondary
158,55.1127694,25.1254482,1000.0,1000.0,27,POINT (55.1127694 25.1254482),30,secondary
159,55.1163407,25.1150519,10.0,10.0,48,POINT (55.1163407 25.1150519),51,residential
160,55.1282735,25.1210527,10.0,10.0,41,POINT (55.1282735 25.1210527),44,residential
161,55.132738,25.1191654,10.0,10.0,42,POINT (55.132738 25.1191654),45,residential
162,55.1327118,25.1191732,10.0,10.0,42,POINT (55.1327118 25.1191732),45,residential
163,55.1326119,25.1191359,10.0,10.0,42,POINT (55.1326119 25.1191359),45,residential
164,55.1325974,25.1190608,10.0,10.0,42,POINT (55.1325974 25.1190608),45,residential
165,55.1326082,25.1190376,10.0,10.0,42,POINT (55.1326082 25.1190376),45,residential
166,55.1327324,25.1190007,10.0,10.0,42,POINT (55.1327324 25.1190007),45,residential
167,55.1327914,25.1190645,10.0,10.0,42,POINT (55.1327914 25.1190645),45,residential
168,55.1327938,25.119085,10.0,10.0,42,POINT (55.1327938 25.119085),45,residential
169,55.1186648,25.1211149,10.0,10.0,39,POINT (55.1186648 25.1211149),42,residential
170,55.1267576,25.1222656,10.0,10.0,40,POINT (55.1267576 25.1222656),43,residential
171,55.1258326,25.123858,1000.0,1000.0,30,POINT (55.1258326 25.123858),33,secondary
172,55.1332171,25.1177399,10.0,10.0,52,POINT (55.1332171 25.1177399),55,residential
173,55.133187,25.1177324,10.0,10.0,52,POINT (55.133187 25.1177324),55,residential
174,55.133127,25.1176433,10.0,10.0,52,POINT (55.133127 25.1176433),55,residential
175,55.1331343,25.1176137,10.0,10.0,52,POINT (55.1331343 25.1176137),55,residential
176,55.1332322,25.1175563,10.0,10.0,52,POINT (55.1332322 25.1175563),55,residential
177,55.1332425,25.1175571,10.0,10.0,52,POINT (55.1332425 25.1175571),55,residential
178,55.1333267,25.1176239,10.0,10.0,52,POINT (55.1333267 25.1176239),55,residential
179,55.1332482,25.1177387,10.0,10.0,52,POINT (55.1332482 25.1177387),55,residential
180,55.1252462,25.1044688,10.0,10.0,70,POINT (55.1252462 25.1044688),73,residential
181,55.1320174,25.1182842,10.0,10.0,41,POINT (55.1320174 25.1182842),44,residential
182,55.1306205,25.1211255,10.0,10.0,41,POINT (55.1306205 25.1211255),44,residential
183,55.1393677,25.134009,10.0,10.0,13,POINT (55.1393677 25.134009),16,residential
184,55.1313575,25.1198039,1000.0,1000.0,41,POINT (55.1313575 25.1198039),44,tertiary
185,55.1430515,25.1093431,1000.0,1000.0,64,POINT (55.1430515 25.1093431),67,secondary
186,55.156,25.0962724,1000.0,1000.0,94,POINT (55.156 25.0962724),99,unclassified
187,55.1559177,25.0964106,1000.0,1000.0,94,POINT (55.1559177 25.0964106),99,unclassified
188,55.1311856,25.119279,10.0,10.0,41,POINT (55.1311856 25.119279),44,residential
189,55.1313267,25.1193944,1000.0,1000.0,41,POINT (55.1313267 25.1193944),44,tertiary
190,55.1272842,25.1222915,10.0,10.0,40,POINT (55.1272842 25.1222915),43,residential
191,55.1283945,25.1213838,10.0,10.0,41,POINT (55.1283945 25.1213838),44,residential
192,55.13285,25.118854,10.0,10.0,42,POINT (55.13285 25.118854),45,residential
193,55.1335129,25.1183623,10.0,10.0,42,POINT (55.1335129 25.1183623),45,residential
194,55.1141121,25.1250516,1000.0,1000.0,28,POINT (55.1141121 25.1250516),31,secondary
195,55.1227472,25.1259537,1000.0,1000.0,29,POINT (55.1227472 25.1259537),32,secondary
196,55.1252414,25.1239316,10.0,10.0,30,POINT (55.1252414 25.1239316),33,residential
197,55.1323327,25.1189556,1000.0,1000.0,41,POINT (55.1323327 25.1189556),44,secondary
198,55.1340689,25.1184833,10.0,10.0,42,POINT (55.1340689 25.1184833),45,residential
199,55.1472883,25.1238101,10.0,10.0,35,POINT (55.1472883 25.1238101),38,residential
200,55.1313355,25.1192143,10.0,10.0,41,POINT (55.1313355 25.1192143),44,residential
201,55.1320539,25.1186908,10.0,10.0,41,POINT (55.1320539 25.1186908),44,residential
202,55.1526596,25.095414,1000.0,1000.0,94,POINT (55.1526596 25.095414),99,primary
203,55.1527776,25.0952103,1000.0,1000.0,94,POINT (55.1527776 25.0952103),99,unclassified
204,55.1311533,25.1193319,10.0,10.0,41,POINT (55.1311533 25.1193319),44,residential
205,55.1310753,25.1193547,10.0,10.0,41,POINT (55.1310753 25.1193547),44,residential
206,55.1310005,25.1193125,10.0,10.0,41,POINT (55.1310005 25.1193125),44,residential
207,55.1309851,25.1192682,10.0,10.0,41,POINT (55.1309851 25.1192682),44,residential
208,55.1310481,25.119179,10.0,10.0,41,POINT (55.1310481 25.119179),44,residential
209,55.1311373,25.119185,10.0,10.0,41,POINT (55.1311373 25.119185),44,residential
210,55.1311866,25.119256,10.0,10.0,41,POINT (55.1311866 25.119256),44,residential
211,55.1291694,25.1218625,10.0,10.0,41,POINT (55.1291694 25.1218625),44,residential
212,55.129096,25.1219472,10.0,10.0,41,POINT (55.129096 25.1219472),44,residential
213,55.1290062,25.1219291,10.0,10.0,41,POINT (55.1290062 25.1219291),44,residential
214,55.1289728,25.1218431,10.0,10.0,41,POINT (55.1289728 25.1218431),44,residential
215,55.1289881,25.12181,10.0,10.0,41,POINT (55.1289881 25.12181),44,residential
216,55.1290596,25.1217711,10.0,10.0,41,POINT (55.1290596 25.1217711),44,residential
217,55.1290839,25.1217715,10.0,10.0,41,POINT (55.1290839 25.1217715),44,residential
218,55.1291586,25.1218196,10.0,10.0,41,POINT (55.1291586 25.1218196),44,residential
219,55.1447046,25.1314305,10.0,10.0,24,POINT (55.1447046 25.1314305),27,residential
220,55.1444778,25.1313551,10.0,10.0,24,POINT (55.1444778 25.1313551),27,residential
221,55.1443113,25.1312998,10.0,10.0,24,POINT (55.1443113 25.1312998),27,residential
222,55.1317907,25.1201595,10.0,10.0,41,POINT (55.1317907 25.1201595),44,residential
223,55.156,25.1013405,1000.0,1000.0,86,POINT (55.156 25.1013405),89,primary
224,55.1555618,25.0963852,1000.0,1000.0,94,POINT (55.1555618 25.0963852),99,unclassified
225,55.1559177,25.0964858,1000.0,1000.0,94,POINT (55.1559177 25.0964858),99,unclassified
226,55.1177682,25.1102741,10.0,10.0,58,POINT (55.1177682 25.1102741),61,residential
227,55.1175677,25.1102231,10.0,10.0,58,POINT (55.1175677 25.1102231),61,residential
228,55.1301608,25.1202727,1000.0,1000.0,41,POINT (55.1301608 25.1202727),44,tertiary
229,55.1339179,25.1182825,10.0,10.0,42,POINT (55.1339179 25.1182825),45,residential
230,55.1337994,25.1183724,10.0,10.0,42,POINT (55.1337994 25.1183724),45,residential
231,55.1337691,25.1183635,10.0,10.0,42,POINT (55.1337691 25.1183635),45,residential
232,55.1337138,25.1182719,10.0,10.0,42,POINT (55.1337138 25.1182719),45,residential
233,55.1338478,25.1181931,10.0,10.0,42,POINT (55.1338478 25.1181931),45,residential
234,55.1339169,25.1182676,10.0,10.0,42,POINT (55.1339169 25.1182676),45,residential
235,55.1367198,25.1142855,1000.0,1000.0,52,POINT (55.1367198 25.1142855),55,tertiary
236,55.1367606,25.1140497,1000.0,1000.0,52,POINT (55.1367606 25.1140497),55,tertiary
237,55.1389692,25.1121851,1000.0,1000.0,63,POINT (55.1389692 25.1121851),66,tertiary
238,55.1398256,25.1115399,1000.0,1000.0,63,POINT (55.1398256 25.1115399),66,tertiary
239,55.1409423,25.1106972,1000.0,1000.0,63,POINT (55.1409423 25.1106972),66,tertiary
240,55.1414424,25.1103187,1000.0,1000.0,63,POINT (55.1414424 25.1103187),66,tertiary
241,55.1434373,25.1088126,1000.0,1000.0,64,POINT (55.1434373 25.1088126),67,tertiary
242,55.1434811,25.1087796,1000.0,1000.0,64,POINT (55.1434811 25.1087796),67,tertiary
243,55.1463822,25.106578,1000.0,1000.0,74,POINT (55.1463822 25.106578),77,tertiary
244,55.1471974,25.1059736,1000.0,1000.0,75,POINT (55.1471974 25.1059736),78,tertiary
245,55.1486701,25.1048571,1000.0,1000.0,75,POINT (55.1486701 25.1048571),78,tertiary
246,55.1502148,25.1036893,1000.0,1000.0,85,POINT (55.1502148 25.1036893),88,tertiary
247,55.148024,25.1057902,1000.0,1000.0,75,POINT (55.148024 25.1057902),78,secondary
248,55.1467446,25.1067503,1000.0,1000.0,75,POINT (55.1467446 25.1067503),78,secondary
249,55.1464233,25.1069915,1000.0,1000.0,74,POINT (55.1464233 25.1069915),77,secondary
250,55.1432102,25.1122125,1000.0,1000.0,64,POINT (55.1432102 25.1122125),67,secondary
251,55.1422353,25.1129355,1000.0,1000.0,64,POINT (55.1422353 25.1129355),67,secondary
252,55.1416887,25.113353,1000.0,1000.0,63,POINT (55.1416887 25.113353),66,secondary
253,55.1407747,25.1140341,1000.0,1000.0,53,POINT (55.1407747 25.1140341),56,secondary
254,55.1385898,25.1156598,1000.0,1000.0,53,POINT (55.1385898 25.1156598),56,secondary
255,55.1241809,25.1290001,10.0,10.0,20,POINT (55.1241809 25.1290001),23,residential
256,55.1256263,25.124523,10.0,10.0,30,POINT (55.1256263 25.124523),33,residential
257,55.1276191,25.1231986,10.0,10.0,30,POINT (55.1276191 25.1231986),33,residential
258,55.1275757,25.1316597,10.0,10.0,20,POINT (55.1275757 25.1316597),23,residential
259,55.1467674,25.1201178,10.0,10.0,45,POINT (55.1467674 25.1201178),48,residential
260,55.1339966,25.1181251,10.0,10.0,42,POINT (55.1339966 25.1181251),45,residential
261,55.1228773,25.1260909,1000.0,1000.0,29,POINT (55.1228773 25.1260909),32,secondary
262,55.1290879,25.1215133,1000.0,1000.0,41,POINT (55.1290879 25.1215133),44,tertiary
263,55.1557541,25.1010183,1000.0,1000.0,86,POINT (55.1557541 25.1010183),89,secondary
264,55.156,25.0966474,1000.0,1000.0,94,POINT (55.156 25.0966474),99,unclassified
265,55.1301704,25.1201055,10.0,10.0,41,POINT (55.1301704 25.1201055),44,residential
266,55.1309785,25.1194647,10.0,10.0,41,POINT (55.1309785 25.1194647),44,residential
267,55.1287987,25.1217385,1000.0,1000.0,41,POINT (55.1287987 25.1217385),44,tertiary
268,55.1304191,25.1205109,1000.0,1000.0,41,POINT (55.1304191 25.1205109),44,tertiary
269,55.1304595,25.1206923,10.0,10.0,41,POINT (55.1304595 25.1206923),44,residential
270,55.1457344,25.1103171,1000.0,1000.0,64,POINT (55.1457344 25.1103171),67,secondary
271,55.1446929,25.1110973,1000.0,1000.0,64,POINT (55.1446929 25.1110973),67,secondary
272,55.1317595,25.1197043,10.0,10.0,41,POINT (55.1317595 25.1197043),44,residential
273,55.1324177,25.1191249,10.0,10.0,42,POINT (55.1324177 25.1191249),45,residential
274,55.1483149,25.1081351,1000.0,1000.0,75,POINT (55.1483149 25.1081351),78,secondary
275,55.1492611,25.1074285,1000.0,1000.0,75,POINT (55.1492611 25.1074285),78,secondary
276,55.150106,25.1068012,1000.0,1000.0,75,POINT (55.150106 25.1068012),78,secondary
277,55.1273688,25.1224912,1000.0,1000.0,40,POINT (55.1273688 25.1224912),43,secondary
278,55.1271115,25.1228918,1000.0,1000.0,30,POINT (55.1271115 25.1228918),33,secondary
279,55.1330963,25.1174325,10.0,10.0,52,POINT (55.1330963 25.1174325),55,residential
280,55.1297159,25.1058496,10.0,10.0,71,POINT (55.1297159 25.1058496),74,residential
281,55.1293617,25.1049248,10.0,10.0,71,POINT (55.1293617 25.1049248),74,residential
282,55.1297534,25.1049408,10.0,10.0,71,POINT (55.1297534 25.1049408),74,residential
283,55.1305539,25.1207718,10.0,10.0,41,POINT (55.1305539 25.1207718),44,residential
284,55.1305555,25.120798,10.0,10.0,41,POINT (55.1305555 25.120798),44,residential
285,55.1304753,25.1208843,10.0,10.0,41,POINT (55.1304753 25.1208843),44,residential
286,55.1303817,25.1208681,10.0,10.0,41,POINT (55.1303817 25.1208681),44,residential
287,55.1303391,25.1207886,10.0,10.0,41,POINT (55.1303391 25.1207886),44,residential
288,55.1304758,25.1206954,10.0,10.0,41,POINT (55.1304758 25.1206954),44,residential
289,55.1305448,25.120747,10.0,10.0,41,POINT (55.1305448 25.120747),44,residential
290,55.1426237,25.1098506,1000.0,1000.0,64,POINT (55.1426237 25.1098506),67,secondary
291,55.1473081,25.1087184,1000.0,1000.0,75,POINT (55.1473081 25.1087184),78,tertiary
292,55.1475827,25.1086993,1000.0,1000.0,75,POINT (55.1475827 25.1086993),78,secondary
293,55.1404082,25.1115294,1000.0,1000.0,63,POINT (55.1404082 25.1115294),66,secondary
294,55.1402232,25.1118775,1000.0,1000.0,63,POINT (55.1402232 25.1118775),66,tertiary
295,55.1431534,25.1118493,1000.0,1000.0,64,POINT (55.1431534 25.1118493),67,tertiary
296,55.1434784,25.1117967,1000.0,1000.0,64,POINT (55.1434784 25.1117967),67,secondary
297,55.1419162,25.1101865,1000.0,1000.0,64,POINT (55.1419162 25.1101865),67,secondary
298,55.1494488,25.107516,1000.0,1000.0,75,POINT (55.1494488 25.107516),78,secondary
299,55.1493797,25.1077472,1000.0,1000.0,75,POINT (55.1493797 25.1077472),78,tertiary
300,55.1470373,25.1095052,1000.0,1000.0,65,POINT (55.1470373 25.1095052),68,tertiary
301,55.1520021,25.1052346,1000.0,1000.0,76,POINT (55.1520021 25.1052346),79,tertiary
302,55.1517444,25.1059612,1000.0,1000.0,76,POINT (55.1517444 25.1059612),79,tertiary
303,55.1513704,25.1062361,1000.0,1000.0,76,POINT (55.1513704 25.1062361),79,tertiary
304,55.1485372,25.1083801,1000.0,1000.0,75,POINT (55.1485372 25.1083801),78,tertiary
305,55.1452714,25.1108393,1000.0,1000.0,64,POINT (55.1452714 25.1108393),67,tertiary
306,55.1452202,25.1108778,1000.0,1000.0,64,POINT (55.1452202 25.1108778),67,tertiary
307,55.1451704,25.1109153,1000.0,1000.0,64,POINT (55.1451704 25.1109153),67,tertiary
308,55.1430602,25.112506,1000.0,1000.0,64,POINT (55.1430602 25.112506),67,tertiary
309,55.1425522,25.1128874,1000.0,1000.0,64,POINT (55.1425522 25.1128874),67,tertiary
310,55.141572,25.1136258,1000.0,1000.0,53,POINT (55.141572 25.1136258),56,tertiary
311,55.13816,25.115771,1000.0,1000.0,53,POINT (55.13816 25.115771),56,tertiary
312,55.1424312,25.1125771,1000.0,1000.0,64,POINT (55.1424312 25.1125771),67,secondary
313,55.1426542,25.1122181,1000.0,1000.0,64,POINT (55.1426542 25.1122181),67,tertiary
314,55.1458368,25.1074301,1000.0,1000.0,74,POINT (55.1458368 25.1074301),77,secondary
315,55.145686,25.1077616,1000.0,1000.0,74,POINT (55.145686 25.1077616),77,tertiary
316,55.1407332,25.1110659,1000.0,1000.0,63,POINT (55.1407332 25.1110659),66,secondary
317,55.1416307,25.112991,1000.0,1000.0,63,POINT (55.1416307 25.112991),66,tertiary
318,55.1419126,25.1129705,1000.0,1000.0,64,POINT (55.1419126 25.1129705),67,secondary
319,55.1484358,25.1078691,1000.0,1000.0,75,POINT (55.1484358 25.1078691),78,tertiary
320,55.1420172,25.1103078,1000.0,1000.0,64,POINT (55.1420172 25.1103078),67,secondary
321,55.1418414,25.1106641,1000.0,1000.0,63,POINT (55.1418414 25.1106641),66,tertiary
322,55.1479072,25.1060837,1000.0,1000.0,75,POINT (55.1479072 25.1060837),78,tertiary
323,55.1401843,25.111484,1000.0,1000.0,63,POINT (55.1401843 25.111484),66,secondary
324,55.1516219,25.1052983,1000.0,1000.0,76,POINT (55.1516219 25.1052983),79,tertiary
325,55.1512341,25.1052772,1000.0,1000.0,75,POINT (55.1512341 25.1052772),78,tertiary
326,55.1470401,25.1067379,1000.0,1000.0,75,POINT (55.1470401 25.1067379),78,tertiary
327,55.1438834,25.1091264,1000.0,1000.0,64,POINT (55.1438834 25.1091264),67,tertiary
328,55.1437586,25.1092199,1000.0,1000.0,64,POINT (55.1437586 25.1092199),67,tertiary
329,55.1412877,25.1110776,1000.0,1000.0,63,POINT (55.1412877 25.1110776),66,tertiary
330,55.1489696,25.1074688,1000.0,1000.0,75,POINT (55.1489696 25.1074688),78,tertiary
331,55.1510551,25.1058899,1000.0,1000.0,75,POINT (55.1510551 25.1058899),78,tertiary
332,55.1501171,25.136239,1000.0,1000.0,15,POINT (55.1501171 25.136239),18,secondary
333,55.148102,25.1379389,1000.0,1000.0,7,POINT (55.148102 25.1379389),8,secondary
334,55.1134488,25.1252861,1000.0,1000.0,27,POINT (55.1134488 25.1252861),30,secondary
335,55.1109882,25.1240884,1000.0,1000.0,27,POINT (55.1109882 25.1240884),30,secondary
336,55.1547376,25.1243294,1000.0,1000.0,36,POINT (55.1547376 25.1243294),39,secondary
337,55.1150903,25.1009427,1000.0,1000.0,78,POINT (55.1150903 25.1009427),81,secondary
338,55.1127263,25.1030675,1000.0,1000.0,77,POINT (55.1127263 25.1030675),80,secondary
339,55.1243627,25.0975097,1000.0,1000.0,88,POINT (55.1243627 25.0975097),93,secondary
340,55.1123272,25.1263877,1000.0,1000.0,27,POINT (55.1123272 25.1263877),30,secondary
341,55.1365835,25.1159757,1000.0,1000.0,52,POINT (55.1365835 25.1159757),55,tertiary
342,55.1362418,25.1156148,1000.0,1000.0,52,POINT (55.1362418 25.1156148),55,tertiary
343,55.1362309,25.1163209,1000.0,1000.0,52,POINT (55.1362309 25.1163209),55,tertiary
344,55.1350231,25.1170538,1000.0,1000.0,52,POINT (55.1350231 25.1170538),55,tertiary
345,55.1342983,25.1174787,1000.0,1000.0,52,POINT (55.1342983 25.1174787),55,secondary
346,55.1448448,25.1105514,1000.0,1000.0,64,POINT (55.1448448 25.1105514),67,tertiary
347,55.1449487,25.1104794,1000.0,1000.0,64,POINT (55.1449487 25.1104794),67,tertiary
348,55.147052,25.1386313,1000.0,1000.0,7,POINT (55.147052 25.1386313),8,secondary
349,55.1104214,25.1227407,1000.0,1000.0,27,POINT (55.1104214 25.1227407),30,secondary
350,55.1088256,25.1164854,1000.0,1000.0,47,POINT (55.1088256 25.1164854),50,secondary
351,55.1295894,25.1399304,1000.0,1000.0,3,POINT (55.1295894 25.1399304),4,secondary
352,55.1384244,25.1410973,1000.0,1000.0,5,POINT (55.1384244 25.1410973),6,secondary
353,55.1178474,25.1330052,1000.0,1000.0,8,POINT (55.1178474 25.1330052),11,secondary
354,55.1180417,25.1331612,1000.0,1000.0,8,POINT (55.1180417 25.1331612),11,secondary
355,55.1178205,25.1332357,1000.0,1000.0,8,POINT (55.1178205 25.1332357),11,secondary
356,55.1177719,25.1331855,1000.0,1000.0,8,POINT (55.1177719 25.1331855),11,secondary
357,55.1254264,25.1382046,1000.0,1000.0,2,POINT (55.1254264 25.1382046),3,secondary
358,55.1127098,25.1271741,1000.0,1000.0,27,POINT (55.1127098 25.1271741),30,secondary
359,55.1120071,25.1258682,1000.0,1000.0,27,POINT (55.1120071 25.1258682),30,secondary
360,55.1088107,25.1164112,1000.0,1000.0,47,POINT (55.1088107 25.1164112),50,secondary
361,55.1112733,25.1050115,1000.0,1000.0,67,POINT (55.1112733 25.1050115),70,secondary
362,55.1113317,25.1049178,1000.0,1000.0,67,POINT (55.1113317 25.1049178),70,secondary
363,55.1117002,25.1043284,1000.0,1000.0,67,POINT (55.1117002 25.1043284),70,secondary
364,55.1089842,25.1164996,1000.0,1000.0,47,POINT (55.1089842 25.1164996),50,secondary
365,55.1090109,25.1164588,1000.0,1000.0,47,POINT (55.1090109 25.1164588),50,secondary
366,55.1161932,25.1147204,10.0,10.0,48,POINT (55.1161932 25.1147204),51,residential
367,55.1161964,25.1148083,10.0,10.0,48,POINT (55.1161964 25.1148083),51,residential
368,55.1160743,25.1148963,10.0,10.0,48,POINT (55.1160743 25.1148963),51,residential
369,55.152419,25.095449,1000.0,1000.0,94,POINT (55.152419 25.095449),99,primary
370,55.1523145,25.0953529,1000.0,1000.0,94,POINT (55.1523145 25.0953529),99,primary
371,55.1517756,25.0948,1000.0,1000.0,94,POINT (55.1517756 25.0948),99,primary
372,55.156,25.1008362,1000.0,1000.0,86,POINT (55.156 25.1008362),89,secondary
373,55.1521872,25.0949675,1000.0,1000.0,94,POINT (55.1521872 25.0949675),99,primary
374,55.1134714,25.1279793,1000.0,1000.0,17,POINT (55.1134714 25.1279793),20,secondary
375,55.1135528,25.1280918,1000.0,1000.0,18,POINT (55.1135528 25.1280918),21,secondary
376,55.11737,25.1326673,1000.0,1000.0,8,POINT (55.11737 25.1326673),11,secondary
377,55.156,25.1147449,10.0,10.0,56,POINT (55.156 25.1147449),59,residential
378,55.1544146,25.1133572,10.0,10.0,66,POINT (55.1544146 25.1133572),69,residential
379,55.1226045,25.125936,1000.0,1000.0,29,POINT (55.1226045 25.125936),32,tertiary
380,55.1230602,25.1255743,1000.0,1000.0,30,POINT (55.1230602 25.1255743),33,tertiary
381,55.1232443,25.1254325,1000.0,1000.0,30,POINT (55.1232443 25.1254325),33,tertiary
382,55.1250865,25.1242241,1000.0,1000.0,30,POINT (55.1250865 25.1242241),33,secondary
383,55.1346741,25.1168586,1000.0,1000.0,52,POINT (55.1346741 25.1168586),55,tertiary
384,55.1323234,25.1189626,1000.0,1000.0,41,POINT (55.1323234 25.1189626),44,secondary
385,55.1278054,25.1223671,1000.0,1000.0,41,POINT (55.1278054 25.1223671),44,secondary
386,55.1277557,25.1222053,1000.0,1000.0,41,POINT (55.1277557 25.1222053),44,secondary
387,55.1546763,25.1228374,1000.0,1000.0,36,POINT (55.1546763 25.1228374),39,secondary
388,55.1545796,25.1219168,1000.0,1000.0,46,POINT (55.1545796 25.1219168),49,secondary
389,55.1543762,25.1207086,1000.0,1000.0,46,POINT (55.1543762 25.1207086),49,secondary
390,55.1541687,25.120773,1000.0,1000.0,46,POINT (55.1541687 25.120773),49,secondary
391,55.1408576,25.1137674,1000.0,1000.0,53,POINT (55.1408576 25.1137674),56,secondary
392,55.1377754,25.1153919,1000.0,1000.0,53,POINT (55.1377754 25.1153919),56,secondary
393,55.1403978,25.1141519,1000.0,1000.0,53,POINT (55.1403978 25.1141519),56,secondary
394,55.1421476,25.1127928,1000.0,1000.0,64,POINT (55.1421476 25.1127928),67,secondary
395,55.1323541,25.0983814,1000.0,1000.0,89,POINT (55.1323541 25.0983814),94,secondary
396,55.1323269,25.0983364,1000.0,1000.0,89,POINT (55.1323269 25.0983364),94,secondary
397,55.1323906,25.0981656,1000.0,1000.0,89,POINT (55.1323906 25.0981656),94,secondary
398,55.1320979,25.0981789,1000.0,1000.0,89,POINT (55.1320979 25.0981789),94,secondary
399,55.1447184,25.1398209,1000.0,1000.0,6,POINT (55.1447184 25.1398209),7,secondary
400,55.1447023,25.1398452,1000.0,1000.0,6,POINT (55.1447023 25.1398452),7,secondary
401,55.1446346,25.1398743,1000.0,1000.0,6,POINT (55.1446346 25.1398743),7,secondary
402,55.1445409,25.1397751,1000.0,1000.0,6,POINT (55.1445409 25.1397751),7,secondary
403,55.1446837,25.1397206,1000.0,1000.0,6,POINT (55.1446837 25.1397206),7,secondary
404,55.1386019,25.1411845,1000.0,1000.0,5,POINT (55.1386019 25.1411845),6,secondary
405,55.1385544,25.1412207,1000.0,1000.0,5,POINT (55.1385544 25.1412207),6,secondary
406,55.1385939,25.1410784,1000.0,1000.0,5,POINT (55.1385939 25.1410784),6,secondary
407,55.1398142,25.1121776,1000.0,1000.0,63,POINT (55.1398142 25.1121776),66,tertiary
408,55.1393846,25.1124941,1000.0,1000.0,63,POINT (55.1393846 25.1124941),66,tertiary
409,55.1256236,25.138328,1000.0,1000.0,2,POINT (55.1256236 25.138328),3,secondary
410,55.1254907,25.1384472,1000.0,1000.0,2,POINT (55.1254907 25.1384472),3,secondary
411,55.1253587,25.138378,1000.0,1000.0,2,POINT (55.1253587 25.138378),3,secondary
412,55.1133955,25.1281368,1000.0,1000.0,17,POINT (55.1133955 25.1281368),20,secondary
413,55.1294557,25.1400273,1000.0,1000.0,3,POINT (55.1294557 25.1400273),4,secondary
414,55.1294506,25.1398766,1000.0,1000.0,3,POINT (55.1294506 25.1398766),4,secondary
415,55.1106839,25.1234006,1000.0,1000.0,27,POINT (55.1106839 25.1234006),30,secondary
416,55.1534537,25.0964752,1000.0,1000.0,94,POINT (55.1534537 25.0964752),99,primary
417,55.1551847,25.0980322,1000.0,1000.0,94,POINT (55.1551847 25.0980322),99,primary
418,55.156,25.0989529,1000.0,1000.0,94,POINT (55.156 25.0989529),99,primary
419,55.1524695,25.095224,1000.0,1000.0,94,POINT (55.1524695 25.095224),99,primary
420,55.1502639,25.1068875,1000.0,1000.0,75,POINT (55.1502639 25.1068875),78,secondary
421,55.1486405,25.1053082,1000.0,1000.0,75,POINT (55.1486405 25.1053082),78,secondary
422,55.1409406,25.1111233,1000.0,1000.0,63,POINT (55.1409406 25.1111233),66,secondary
423,55.1397049,25.1120547,1000.0,1000.0,63,POINT (55.1397049 25.1120547),66,secondary
424,55.1370642,25.1140173,1000.0,1000.0,52,POINT (55.1370642 25.1140173),55,secondary
425,55.1371349,25.1146223,1000.0,1000.0,53,POINT (55.1371349 25.1146223),56,secondary
426,55.1436859,25.1118519,1000.0,1000.0,64,POINT (55.1436859 25.1118519),67,secondary
427,55.1482555,25.1084051,1000.0,1000.0,75,POINT (55.1482555 25.1084051),78,secondary
428,55.1456251,25.1101737,1000.0,1000.0,64,POINT (55.1456251 25.1101737),67,secondary
429,55.1133588,25.1280823,1000.0,1000.0,17,POINT (55.1133588 25.1280823),20,secondary
430,55.156,25.0993041,1000.0,1000.0,94,POINT (55.156 25.0993041),99,primary
431,55.156,25.0993826,1000.0,1000.0,94,POINT (55.156 25.0993826),99,primary
432,55.1527067,25.0957336,1000.0,1000.0,94,POINT (55.1527067 25.0957336),99,primary
433,55.1519098,25.0948,1000.0,1000.0,94,POINT (55.1519098 25.0948),99,primary
434,55.152317,25.0952795,1000.0,1000.0,94,POINT (55.152317 25.0952795),99,primary
435,55.156,25.1011467,1000.0,1000.0,86,POINT (55.156 25.1011467),89,secondary
436,55.1247129,25.097578,1000.0,1000.0,88,POINT (55.1247129 25.097578),93,secondary
437,55.1247025,25.0974401,1000.0,1000.0,88,POINT (55.1247025 25.0974401),93,secondary
438,55.1248649,25.0974188,1000.0,1000.0,88,POINT (55.1248649 25.0974188),93,secondary
439,55.1251583,25.0974712,1000.0,1000.0,88,POINT (55.1251583 25.0974712),93,secondary
440,55.1248963,25.0975567,1000.0,1000.0,88,POINT (55.1248963 25.0975567),93,secondary
441,55.1268691,25.1225647,10.0,10.0,40,POINT (55.1268691 25.1225647),43,residential
442,55.1254232,25.1236664,10.0,10.0,30,POINT (55.1254232 25.1236664),33,residential
443,55.1251369,25.1241859,1000.0,1000.0,30,POINT (55.1251369 25.1241859),33,secondary
444,55.1388227,25.1124955,1000.0,1000.0,63,POINT (55.1388227 25.1124955),66,secondary
445,55.1362195,25.1161036,1000.0,1000.0,52,POINT (55.1362195 25.1161036),55,secondary
446,55.1474699,25.1132271,10.0,10.0,65,POINT (55.1474699 25.1132271),68,residential
447,55.1483029,25.1141511,10.0,10.0,55,POINT (55.1483029 25.1141511),58,residential
448,55.1473977,25.1130375,10.0,10.0,65,POINT (55.1473977 25.1130375),68,residential
449,55.1475229,25.1129281,10.0,10.0,65,POINT (55.1475229 25.1129281),68,residential
450,55.1462606,25.1119618,10.0,10.0,64,POINT (55.1462606 25.1119618),67,residential
451,55.1457491,25.1113929,10.0,10.0,64,POINT (55.1457491 25.1113929),67,residential
452,55.1463574,25.1119058,10.0,10.0,64,POINT (55.1463574 25.1119058),67,residential
453,55.1463362,25.1119672,10.0,10.0,64,POINT (55.1463362 25.1119672),67,residential
454,55.1462587,25.1118871,10.0,10.0,64,POINT (55.1462587 25.1118871),67,residential
455,55.145833,25.1114121,10.0,10.0,64,POINT (55.145833 25.1114121),67,residential
456,55.1458263,25.1113189,10.0,10.0,64,POINT (55.1458263 25.1113189),67,residential
457,55.1457593,25.1113293,10.0,10.0,64,POINT (55.1457593 25.1113293),67,residential
458,55.1473183,25.1130539,10.0,10.0,65,POINT (55.1473183 25.1130539),68,residential
459,55.1472513,25.1133817,10.0,10.0,55,POINT (55.1472513 25.1133817),58,residential
460,55.147364,25.113255,10.0,10.0,65,POINT (55.147364 25.113255),68,residential
461,55.147699,25.1146023,10.0,10.0,55,POINT (55.147699 25.1146023),58,residential
462,55.1487365,25.1138272,10.0,10.0,55,POINT (55.1487365 25.1138272),58,residential
463,55.1476476,25.1130744,10.0,10.0,65,POINT (55.1476476 25.1130744),68,residential
464,55.1475076,25.1131543,10.0,10.0,65,POINT (55.1475076 25.1131543),68,residential
465,55.1472654,25.1131331,10.0,10.0,65,POINT (55.1472654 25.1131331),68,residential
466,55.1471179,25.1132335,10.0,10.0,65,POINT (55.1471179 25.1132335),68,residential
467,55.1474814,25.1130779,10.0,10.0,65,POINT (55.1474814 25.1130779),68,residential
468,55.1527712,25.0955276,1000.0,1000.0,94,POINT (55.1527712 25.0955276),99,primary
469,55.156,25.0988004,1000.0,1000.0,94,POINT (55.156 25.0988004),99,primary
470,55.1363874,25.1159972,1000.0,1000.0,52,POINT (55.1363874 25.1159972),55,secondary
471,55.1299343,25.1207506,1000.0,1000.0,41,POINT (55.1299343 25.1207506),44,secondary
472,55.125773,25.1239036,1000.0,1000.0,30,POINT (55.125773 25.1239036),33,secondary
473,55.1250527,25.1244472,1000.0,1000.0,30,POINT (55.1250527 25.1244472),33,secondary
474,55.1392408,25.112188,1000.0,1000.0,63,POINT (55.1392408 25.112188),66,secondary
475,55.1520083,25.0948,1000.0,1000.0,94,POINT (55.1520083 25.0948),99,primary
476,55.1524284,25.0951867,1000.0,1000.0,94,POINT (55.1524284 25.0951867),99,primary
477,55.1544509,25.1206992,1000.0,1000.0,46,POINT (55.1544509 25.1206992),49,secondary
478,55.1406856,25.0948,1000.0,1000.0,91,POINT (55.1406856 25.0948),96,tertiary
479,55.13971,25.0955767,1000.0,1000.0,91,POINT (55.13971 25.0955767),96,tertiary
480,55.1390246,25.0961191,1000.0,1000.0,91,POINT (55.1390246 25.0961191),96,tertiary
481,55.1385976,25.0964263,1000.0,1000.0,91,POINT (55.1385976 25.0964263),96,tertiary
482,55.1384795,25.0965203,1000.0,1000.0,91,POINT (55.1384795 25.0965203),96,tertiary
483,55.1383544,25.0964055,1000.0,1000.0,91,POINT (55.1383544 25.0964055),96,tertiary
484,55.138476,25.096306,1000.0,1000.0,91,POINT (55.138476 25.096306),96,tertiary
485,55.1388593,25.0959924,1000.0,1000.0,91,POINT (55.1388593 25.0959924),96,tertiary
486,55.1400557,25.0950432,1000.0,1000.0,91,POINT (55.1400557 25.0950432),96,tertiary
487,55.1403625,25.0948,1000.0,1000.0,91,POINT (55.1403625 25.0948),96,tertiary
488,55.1540436,25.1207538,1000.0,1000.0,46,POINT (55.1540436 25.1207538),49,secondary
489,55.1546524,25.1219075,1000.0,1000.0,46,POINT (55.1546524 25.1219075),49,secondary
490,55.1516879,25.1325412,1000.0,1000.0,16,POINT (55.1516879 25.1325412),19,unclassified
491,55.151116,25.1334829,1000.0,1000.0,15,POINT (55.151116 25.1334829),18,unclassified
492,55.1360603,25.1163161,1000.0,1000.0,52,POINT (55.1360603 25.1163161),55,tertiary
493,55.1357711,25.1159875,1000.0,1000.0,52,POINT (55.1357711 25.1159875),55,tertiary
494,55.1433746,25.1016971,1000.0,1000.0,84,POINT (55.1433746 25.1016971),87,tertiary
495,55.1431218,25.1013674,1000.0,1000.0,84,POINT (55.1431218 25.1013674),87,tertiary
496,55.1421323,25.1003312,1000.0,1000.0,84,POINT (55.1421323 25.1003312),87,tertiary
497,55.141827,25.1000093,1000.0,1000.0,83,POINT (55.141827 25.1000093),86,tertiary
498,55.1416625,25.099836,1000.0,1000.0,83,POINT (55.1416625 25.099836),86,tertiary
499,55.1401765,25.0982753,1000.0,1000.0,91,POINT (55.1401765 25.0982753),96,tertiary
500,55.1361835,25.0948,1000.0,1000.0,90,POINT (55.1361835 25.0948),95,tertiary
501,55.1222475,25.1260455,10.0,10.0,29,POINT (55.1222475 25.1260455),32,residential
502,55.1228992,25.1262414,1000.0,1000.0,29,POINT (55.1228992 25.1262414),32,tertiary
503,55.1216891,25.124374,10.0,10.0,29,POINT (55.1216891 25.124374),32,residential
504,55.1200115,25.1243558,10.0,10.0,29,POINT (55.1200115 25.1243558),32,residential
505,55.1198277,25.1243476,10.0,10.0,29,POINT (55.1198277 25.1243476),32,residential
506,55.1222685,25.1245379,10.0,10.0,29,POINT (55.1222685 25.1245379),32,residential
507,55.1230572,25.125401,10.0,10.0,30,POINT (55.1230572 25.125401),33,residential
508,55.1434533,25.1016183,1000.0,1000.0,84,POINT (55.1434533 25.1016183),87,tertiary
509,55.1435714,25.1016164,1000.0,1000.0,84,POINT (55.1435714 25.1016164),87,tertiary
510,55.1366987,25.0948,1000.0,1000.0,90,POINT (55.1366987 25.0948),95,tertiary
511,55.1381017,25.0958812,1000.0,1000.0,91,POINT (55.1381017 25.0958812),96,tertiary
512,55.1387923,25.0966234,1000.0,1000.0,91,POINT (55.1387923 25.0966234),96,tertiary
513,55.1400805,25.0979584,1000.0,1000.0,91,POINT (55.1400805 25.0979584),96,tertiary
514,55.1416133,25.0995367,1000.0,1000.0,83,POINT (55.1416133 25.0995367),86,tertiary
515,55.1430905,25.1011045,1000.0,1000.0,84,POINT (55.1430905 25.1011045),87,tertiary
516,55.1521783,25.0955223,1000.0,1000.0,94,POINT (55.1521783 25.0955223),99,primary
517,55.1421475,25.100448,1000.0,1000.0,84,POINT (55.1421475 25.100448),87,tertiary
518,55.1415377,25.0998097,1000.0,1000.0,83,POINT (55.1415377 25.0998097),86,tertiary
519,55.13913,25.095885,1000.0,1000.0,91,POINT (55.13913 25.095885),96,tertiary
520,55.1404751,25.0948,1000.0,1000.0,91,POINT (55.1404751 25.0948),96,tertiary
521,55.1365235,25.0948,1000.0,1000.0,90,POINT (55.1365235 25.0948),95,tertiary
522,55.1377754,25.0956447,1000.0,1000.0,91,POINT (55.1377754 25.0956447),96,tertiary
523,55.1391906,25.0959202,1000.0,1000.0,91,POINT (55.1391906 25.0959202),96,tertiary
524,55.137729,25.095686,1000.0,1000.0,91,POINT (55.137729 25.095686),96,tertiary
525,55.1405733,25.0948,1000.0,1000.0,91,POINT (55.1405733 25.0948),96,tertiary
526,55.1363418,25.0948,1000.0,1000.0,90,POINT (55.1363418 25.0948),95,tertiary
527,55.156,25.1009693,1000.0,1000.0,86,POINT (55.156 25.1009693),89,primary
528,55.1371323,25.1153496,1000.0,1000.0,53,POINT (55.1371323 25.1153496),56,secondary
529,55.1370752,25.1146389,1000.0,1000.0,52,POINT (55.1370752 25.1146389),55,secondary
530,55.1399108,25.0950604,1000.0,1000.0,91,POINT (55.1399108 25.0950604),96,tertiary
531,55.1398365,25.0955633,1000.0,1000.0,91,POINT (55.1398365 25.0955633),96,tertiary
532,55.1297571,25.1048632,10.0,10.0,71,POINT (55.1297571 25.1048632),74,residential
533,55.123921,25.112692,10.0,10.0,60,POINT (55.123921 25.112692),63,residential
534,55.1238565,25.1127309,10.0,10.0,60,POINT (55.1238565 25.1127309),63,residential
535,55.1240427,25.1130042,10.0,10.0,60,POINT (55.1240427 25.1130042),63,residential
536,55.1241069,25.1129666,10.0,10.0,60,POINT (55.1241069 25.1129666),63,residential
537,55.1244359,25.1134842,10.0,10.0,50,POINT (55.1244359 25.1134842),53,residential
538,55.1308798,25.1191298,10.0,10.0,41,POINT (55.1308798 25.1191298),44,residential
539,55.1170369,25.1092486,10.0,10.0,58,POINT (55.1170369 25.1092486),61,residential
540,55.1257671,25.1241214,10.0,10.0,30,POINT (55.1257671 25.1241214),33,residential
541,55.1486568,25.1137441,10.0,10.0,55,POINT (55.1486568 25.1137441),58,residential
542,55.1488915,25.1139888,10.0,10.0,55,POINT (55.1488915 25.1139888),58,residential
543,55.1476248,25.1145177,10.0,10.0,55,POINT (55.1476248 25.1145177),58,residential
544,55.1478589,25.1147848,10.0,10.0,55,POINT (55.1478589 25.1147848),58,residential
545,55.1547041,25.1241835,1000.0,1000.0,36,POINT (55.1547041 25.1241835),39,secondary
546,55.1547813,25.1241848,1000.0,1000.0,36,POINT (55.1547813 25.1241848),39,secondary
547,55.1547303,25.1239923,1000.0,1000.0,36,POINT (55.1547303 25.1239923),39,secondary
548,55.1547819,25.1241145,1000.0,1000.0,36,POINT (55.1547819 25.1241145),39,secondary
549,55.1546937,25.1241292,1000.0,1000.0,36,POINT (55.1546937 25.1241292),39,secondary
550,55.1547033,25.124116,1000.0,1000.0,36,POINT (55.1547033 25.124116),39,secondary
551,55.1541319,25.1210446,1000.0,1000.0,46,POINT (55.1541319 25.1210446),49,secondary
552,55.1179606,25.1328941,1000.0,1000.0,8,POINT (55.1179606 25.1328941),11,secondary
553,55.1543285,25.1133684,10.0,10.0,66,POINT (55.1543285 25.1133684),69,residential
554,55.1535007,25.1132946,10.0,10.0,66,POINT (55.1535007 25.1132946),69,residential
555,55.1543392,25.1133428,10.0,10.0,66,POINT (55.1543392 25.1133428),69,residential
556,55.1198173,25.1245163,10.0,10.0,29,POINT (55.1198173 25.1245163),32,residential
557,55.1198544,25.1239138,10.0,10.0,29,POINT (55.1198544 25.1239138),32,residential
558,55.1200016,25.1245107,10.0,10.0,29,POINT (55.1200016 25.1245107),32,residential
559,55.1305445,25.120291,1000.0,1000.0,41,POINT (55.1305445 25.120291),44,secondary
560,55.1298163,25.1206468,1000.0,1000.0,41,POINT (55.1298163 25.1206468),44,secondary
